./gallery-photos/photo (1).jpg,légende de la photo 1
./gallery-photos/photo (2).jpg,légende de la photo 2
./gallery-photos/photo (3).jpg,légende de la photo 3
./gallery-photos/photo (4).jpg,légende de la photo 4
./gallery-photos/photo (5).jpg,légende de la photo 5
./gallery-photos/photo (6).jpg,légende de la photo 6
./gallery-photos/photo (7).jpg,légende de la photo 7
./gallery-photos/photo (8).jpg,légende de la photo 8
./gallery-photos/photo (9).jpg,légende de la photo 9
./gallery-photos/photo (10).jpg,légende de la photo 10
./gallery-photos/photo (11).jpg,légende de la photo 11
./gallery-photos/photo (12).jpg,légende de la photo 12
./gallery-photos/photo (13).jpg,légende de la photo 13
./gallery-photos/photo (14).jpg,légende de la photo 14
./gallery-photos/photo (15).jpg,légende de la photo 15
./gallery-photos/photo (16).jpg,légende de la photo 16
./gallery-photos/photo (17).jpg,légende de la photo 17
./gallery-photos/photo (18).jpg,légende de la photo 18
./gallery-photos/photo (19).jpg,légende de la photo 19
./gallery-photos/photo (20).jpg,légende de la photo 20
./gallery-photos/photo (21).jpg,légende de la photo 21
./gallery-photos/photo (22).jpg,légende de la photo 22
./gallery-photos/photo (23).jpg,légende de la photo 23
./gallery-photos/photo (24).jpg,légende de la photo 24
./gallery-photos/photo (25).jpg,légende de la photo 25
./gallery-photos/photo (26).jpg,légende de la photo 26
./gallery-photos/photo (27).jpg,légende de la photo 27
./gallery-photos/photo (28).jpg,légende de la photo 28
./gallery-photos/photo (29).jpg,légende de la photo 29
./gallery-photos/photo (30).jpg,légende de la photo 30
./gallery-photos/photo (31).jpg,légende de la photo 31
./gallery-photos/photo (32).jpg,légende de la photo 32
./gallery-photos/photo (33).jpg,légende de la photo 33
./gallery-photos/photo (34).jpg,légende de la photo 34
./gallery-photos/photo (35).jpg,légende de la photo 35
./gallery-photos/photo (36).jpg,légende de la photo 36
./gallery-photos/photo (37).jpg,légende de la photo 37
./gallery-photos/photo (38).jpg,légende de la photo 38
./gallery-photos/photo (39).jpg,légende de la photo 39
./gallery-photos/photo (40).jpg,légende de la photo 40
./gallery-photos/photo (41).jpg,légende de la photo 41
./gallery-photos/photo (42).jpg,légende de la photo 42
./gallery-photos/photo (43).jpg,légende de la photo 43
./gallery-photos/photo (44).jpg,légende de la photo 44
./gallery-photos/photo (45).jpg,légende de la photo 45
./gallery-photos/photo (46).jpg,légende de la photo 46
./gallery-photos/photo (47).jpg,légende de la photo 47
./gallery-photos/photo (48).jpg,légende de la photo 48
./gallery-photos/photo (49).jpg,légende de la photo 49
./gallery-photos/photo (50).jpg,légende de la photo 50
./gallery-photos/photo (51).jpg,légende de la photo 51
./gallery-photos/photo (52).jpg,légende de la photo 52
./gallery-photos/photo (53).jpg,légende de la photo 53
./gallery-photos/photo (54).jpg,légende de la photo 54
./gallery-photos/photo (55).jpg,légende de la photo 55
./gallery-photos/photo (56).jpg,légende de la photo 56
./gallery-photos/photo (57).jpg,légende de la photo 57
./gallery-photos/photo (58).jpg,légende de la photo 58
./gallery-photos/photo (59).jpg,légende de la photo 59
./gallery-photos/photo (60).jpg,légende de la photo 60
./gallery-photos/photo (61).jpg,légende de la photo 61
./gallery-photos/photo (62).jpg,légende de la photo 62
./gallery-photos/photo (63).jpg,légende de la photo 63
./gallery-photos/photo (64).jpg,légende de la photo 64
./gallery-photos/photo (65).jpg,légende de la photo 65
./gallery-photos/photo (66).jpg,légende de la photo 66
./gallery-photos/photo (67).jpg,légende de la photo 67
./gallery-photos/photo (68).jpg,légende de la photo 68
./gallery-photos/photo (69).jpg,légende de la photo 69
./gallery-photos/photo (70).jpg,légende de la photo 70
./gallery-photos/photo (71).jpg,légende de la photo 71
./gallery-photos/photo (72).jpg,légende de la photo 72
./gallery-photos/photo (73).jpg,légende de la photo 73
./gallery-photos/photo (74).jpg,légende de la photo 74
./gallery-photos/photo (75).jpg,légende de la photo 75
./gallery-photos/photo (76).jpg,légende de la photo 76
./gallery-photos/photo (77).jpg,légende de la photo 77
./gallery-photos/photo (78).jpg,légende de la photo 78
./gallery-photos/photo (79).jpg,légende de la photo 79
./gallery-photos/photo (80).jpg,légende de la photo 80
./gallery-photos/photo (81).jpg,légende de la photo 81
./gallery-photos/photo (82).jpg,légende de la photo 82
./gallery-photos/photo (83).jpg,légende de la photo 83
./gallery-photos/photo (84).jpg,légende de la photo 84
./gallery-photos/photo (85).jpg,légende de la photo 85
./gallery-photos/photo (86).jpg,légende de la photo 86
./gallery-photos/photo (87).jpg,légende de la photo 87
./gallery-photos/photo (88).jpg,légende de la photo 88
./gallery-photos/photo (89).jpg,légende de la photo 89
./gallery-photos/photo (90).jpg,légende de la photo 90
./gallery-photos/photo (91).jpg,légende de la photo 91
./gallery-photos/photo (92).jpg,légende de la photo 92
./gallery-photos/photo (93).jpg,légende de la photo 93
./gallery-photos/photo (94).jpg,légende de la photo 94
./gallery-photos/photo (95).jpg,légende de la photo 95
./gallery-photos/photo (96).jpg,légende de la photo 96
./gallery-photos/photo (97).jpg,légende de la photo 97
./gallery-photos/photo (98).jpg,légende de la photo 98
./gallery-photos/photo (99).jpg,légende de la photo 99
./gallery-photos/photo (100).jpg,légende de la photo 100
./gallery-photos/photo (101).jpg,légende de la photo 101
./gallery-photos/photo (102).jpg,légende de la photo 102
./gallery-photos/photo (103).jpg,légende de la photo 103
./gallery-photos/photo (104).jpg,légende de la photo 104
./gallery-photos/photo (105).jpg,légende de la photo 105
./gallery-photos/photo (106).jpg,légende de la photo 106
./gallery-photos/photo (107).jpg,légende de la photo 107
./gallery-photos/photo (108).jpg,légende de la photo 108
./gallery-photos/photo (109).jpg,légende de la photo 109
./gallery-photos/photo (110).jpg,légende de la photo 110
./gallery-photos/photo (111).jpg,légende de la photo 111
./gallery-photos/photo (112).jpg,légende de la photo 112
./gallery-photos/photo (113).jpg,légende de la photo 113
./gallery-photos/photo (114).jpg,légende de la photo 114
./gallery-photos/photo (115).jpg,légende de la photo 115
./gallery-photos/photo (116).jpg,légende de la photo 116
./gallery-photos/photo (117).jpg,légende de la photo 117
./gallery-photos/photo (118).jpg,légende de la photo 118
./gallery-photos/photo (119).jpg,légende de la photo 119
./gallery-photos/photo (120).jpg,légende de la photo 120
./gallery-photos/photo (121).jpg,légende de la photo 121
./gallery-photos/photo (122).jpg,légende de la photo 122
./gallery-photos/photo (123).jpg,légende de la photo 123
./gallery-photos/photo (124).jpg,légende de la photo 124
./gallery-photos/photo (125).jpg,légende de la photo 125
./gallery-photos/photo (126).jpg,légende de la photo 126
./gallery-photos/photo (127).jpg,légende de la photo 127
./gallery-photos/photo (128).jpg,légende de la photo 128
./gallery-photos/photo (129).jpg,légende de la photo 129
./gallery-photos/photo (130).jpg,légende de la photo 130
./gallery-photos/photo (131).jpg,légende de la photo 131
./gallery-photos/photo (132).jpg,légende de la photo 132
./gallery-photos/photo (133).jpg,légende de la photo 133
./gallery-photos/photo (134).jpg,légende de la photo 134
./gallery-photos/photo (135).jpg,légende de la photo 135
./gallery-photos/photo (136).jpg,légende de la photo 136
./gallery-photos/photo (137).jpg,légende de la photo 137
./gallery-photos/photo (138).jpg,légende de la photo 138
./gallery-photos/photo (139).jpg,légende de la photo 139
./gallery-photos/photo (140).jpg,légende de la photo 140
./gallery-photos/photo (141).jpg,légende de la photo 141
./gallery-photos/photo (142).jpg,légende de la photo 142
./gallery-photos/photo (143).jpg,légende de la photo 143
./gallery-photos/photo (144).jpg,légende de la photo 144
./gallery-photos/photo (145).jpg,légende de la photo 145
./gallery-photos/photo (146).jpg,légende de la photo 146
./gallery-photos/photo (147).jpg,légende de la photo 147
./gallery-photos/photo (148).jpg,légende de la photo 148
./gallery-photos/photo (149).jpg,légende de la photo 149
./gallery-photos/photo (150).jpg,légende de la photo 150
./gallery-photos/photo (151).jpg,légende de la photo 151
./gallery-photos/photo (152).jpg,légende de la photo 152
./gallery-photos/photo (153).jpg,légende de la photo 153
./gallery-photos/photo (154).jpg,légende de la photo 154
./gallery-photos/photo (155).jpg,légende de la photo 155
./gallery-photos/photo (156).jpg,légende de la photo 156
./gallery-photos/photo (157).jpg,légende de la photo 157
./gallery-photos/photo (158).jpg,légende de la photo 158
./gallery-photos/photo (159).jpg,légende de la photo 159
./gallery-photos/photo (160).jpg,légende de la photo 160
./gallery-photos/photo (161).jpg,légende de la photo 161
./gallery-photos/photo (162).jpg,légende de la photo 162
./gallery-photos/photo (163).jpg,légende de la photo 163
./gallery-photos/photo (164).jpg,légende de la photo 164
./gallery-photos/photo (165).jpg,légende de la photo 165
./gallery-photos/photo (166).jpg,légende de la photo 166
./gallery-photos/photo (167).jpg,légende de la photo 167
./gallery-photos/photo (168).jpg,légende de la photo 168
./gallery-photos/photo (169).jpg,légende de la photo 169
./gallery-photos/photo (170).jpg,légende de la photo 170
./gallery-photos/photo (171).jpg,légende de la photo 171
./gallery-photos/photo (172).jpg,légende de la photo 172
./gallery-photos/photo (173).jpg,légende de la photo 173
./gallery-photos/photo (174).jpg,légende de la photo 174
./gallery-photos/photo (175).jpg,légende de la photo 175
./gallery-photos/photo (176).jpg,légende de la photo 176
./gallery-photos/photo (177).jpg,légende de la photo 177
./gallery-photos/photo (178).jpg,légende de la photo 178
./gallery-photos/photo (179).jpg,légende de la photo 179
./gallery-photos/photo (180).jpg,légende de la photo 180
./gallery-photos/photo (181).jpg,légende de la photo 181
./gallery-photos/photo (182).jpg,légende de la photo 182
./gallery-photos/photo (183).jpg,légende de la photo 183
./gallery-photos/photo (184).jpg,légende de la photo 184
./gallery-photos/photo (185).jpg,légende de la photo 185
./gallery-photos/photo (186).jpg,légende de la photo 186
./gallery-photos/photo (187).jpg,légende de la photo 187
./gallery-photos/photo (188).jpg,légende de la photo 188
./gallery-photos/photo (189).jpg,légende de la photo 189
./gallery-photos/photo (190).jpg,légende de la photo 190
./gallery-photos/photo (191).jpg,légende de la photo 191
./gallery-photos/photo (192).jpg,légende de la photo 192
./gallery-photos/photo (193).jpg,légende de la photo 193
./gallery-photos/photo (194).jpg,légende de la photo 194
./gallery-photos/photo (195).jpg,légende de la photo 195
./gallery-photos/photo (196).jpg,légende de la photo 196
./gallery-photos/photo (197).jpg,légende de la photo 197
./gallery-photos/photo (198).jpg,légende de la photo 198
./gallery-photos/photo (199).jpg,légende de la photo 199
./gallery-photos/photo (200).jpg,légende de la photo 200
